Output	Script	Input source	Input status	Primary result
Standardized working tables	code/01_prepare_inputs.R	Five supplied files listed in input_file_manifest.tsv	Supplied files	"Standardized metadata, abundance matrices, and random-forest feature matrices"
Figure 1B-D; Figure 4A-C	code/alpha_diversity.R	Standardized fungal species matrix generated from the supplied fungi.profile file	Generated working file	"Shannon, Simpson, and observed-species diversity tables and plots"
Figure 1I; Figure 4D	code/PCoA.R	Standardized fungal species matrix and metadata generated from the supplied files	Generated working files	PCoA scores and global PERMANOVA tables
Figure 1G; Supplementary Table 3	code/wilcoxon_daa.R	Standardized fungal genus matrix generated from the supplied fungi.profile.genus file	Generated working file	Genus-level Wilcoxon DAA with raw p-values and BH q-values
Figure 1J; Supplementary Table 4	code/wilcoxon_daa.R; code/maaslin2_sensitivity.R	Standardized fungal species matrix generated from the supplied fungi.profile file	Generated working file	Species-level Wilcoxon DAA and optional MaAsLin2 sensitivity results
Supplementary Table 5	code/wilcoxon_daa.R	Standardized bacterial species matrix generated from the supplied bacteria_species.profile file	Generated working file	Candidate bacterial taxa generated from the bacterial abundance matrix
Figure 2A-B; Supplementary Tables 6-7	code/network.R	Candidate fungal/bacterial taxa and clinical metadata generated by code/01_prepare_inputs.R and code/wilcoxon_daa.R	Generated working files	"Spearman rho, raw p-values, BH q-values, filtered network edges, and node degree summaries"
Figure 4E-F	code/marker_boxplot.R	Candidate fungal taxa and standardized fungal species matrix generated from the supplied files	Generated working files	Follow-up candidate fungal taxon boxplots and paired tests
Figure 3	code/random_forest.py; code/randomforest.txt	Random-forest feature matrices generated from the supplied fungal and bacterial abundance profiles	Generated working files	"Cross-validated random-forest predictions, AUC, and feature importance"
